<topology xsi:noNamespaceSchemaLocation="topology.xsd" 
  xmlns:xsi="http://www.w3.org/2001/XMLSchema-instance"> 
  
  <nodes number="2">
  		<!--<node id="0" ip="130.237.239.159" port="12340" />-->
  		<!--<node id="1" ip="130.237.239.66" port="12341" />-->
      <node id="0" ip="130.237.239.66" port="12340"/>
      <node id="1" ip="130.237.239.159" port="12341"/>
  </nodes>

  <links>
		<link src_id="0" dst_id="1" latency="1000" undirected="true"/>

		<!--
		<link src_id="1" dst_id="0" latency="0" loss_rate="0" />
		<link src_id="2" dst_id="0" latency="0" loss_rate="0" />
		<link src_id="3" dst_id="0" latency="0" loss_rate="0" />
		-->
  </links>
</topology>