<?xml version="1.0" encoding="UTF-8"?>
<tns:configuration xmlns:tns="http://www.sics.se/adl">
 <tns:factories>
  <tns:factory>
   <tns:factoryName>WorldFactory</tns:factoryName>
   <tns:componentClass>tbn.examples.hello.WorldComponent</tns:componentClass>
  </tns:factory>
  <tns:factory>
   <tns:factoryName>MyFactory</tns:factoryName>
   <tns:componentClass>tbn.examples.hello.MyComponent</tns:componentClass>
  </tns:factory>
 </tns:factories>
 <tns:components>
  <tns:component>
   <tns:factoryName>WorldFactory</tns:factoryName>
   <tns:componentName>World</tns:componentName>
  </tns:component>
  <tns:component>
   <tns:factoryName>MyFactory</tns:factoryName>
   <tns:componentName>Me</tns:componentName>
  </tns:component>
 </tns:components>
 <tns:channels>
  <tns:channel>
   <tns:channelName>ResponseChannel</tns:channelName>
   <tns:eventClass>tbn.examples.hello.ResponseEvent</tns:eventClass>
  </tns:channel>
  <tns:channel>
   <tns:channelName>HelloChannel</tns:channelName>
   <tns:eventClass>tbn.examples.hello.HelloEvent</tns:eventClass>
  </tns:channel>
 </tns:channels>
 <tns:bindings>
  <tns:binding>
   <tns:componentName>WorldFactory:World</tns:componentName>
   <tns:eventClass>tbn.examples.hello.ResponseEvent</tns:eventClass>
   <tns:channelName>ResponseChannel</tns:channelName>
  </tns:binding>
  <tns:binding>
   <tns:componentName>MyFactory:Me</tns:componentName>
   <tns:eventClass>tbn.examples.hello.HelloEvent</tns:eventClass>
   <tns:channelName>HelloChannel</tns:channelName>
  </tns:binding>
 </tns:bindings>
 <tns:subscriptions>
  <tns:subscription>
   <tns:componentName>WorldFactory:World</tns:componentName>
   <tns:channelName>HelloChannel</tns:channelName>
   <tns:handlerName>handleHelloEvent</tns:handlerName>
  </tns:subscription>
  <tns:subscription>
   <tns:componentName>MyFactory:Me</tns:componentName>
   <tns:channelName>ResponseChannel</tns:channelName>
   <tns:handlerName>handleResponseEvent</tns:handlerName>
  </tns:subscription>
 </tns:subscriptions>
  <tns:startSequence>
    <tns:startComponents>
      <tns:componentName>WorldFactory:World</tns:componentName>
      <tns:componentName>MyFactory:Me</tns:componentName>
    </tns:startComponents>
    <tns:startChannels>
	  <tns:channelName>ResponseChannel</tns:channelName>
      <tns:channelName>HelloChannel</tns:channelName>
    </tns:startChannels>
  </tns:startSequence>
</tns:configuration>

