<?xml version="1.0" encoding="UTF-8"?>
<tns:configuration xmlns:tns="http://www.sics.se/adl">
    <tns:factories>
        <tns:factory>
            <tns:factoryName>ApplicationComponentFactory</tns:factoryName>
            <tns:componentClass>assignment1.components.ApplicationComponent</tns:componentClass>
        </tns:factory>
        <tns:factory>
            <tns:factoryName>FloodComponentFactory</tns:factoryName>
            <tns:componentClass>assignment1.components.FloodComponent</tns:componentClass>
        </tns:factory>
        <tns:factory>
            <tns:factoryName>DropComponentFactory</tns:factoryName>
            <tns:componentClass>assignment1.components.DropComponent</tns:componentClass>
        </tns:factory>
        <tns:factory>
            <tns:factoryName>DelayComponentFactory</tns:factoryName>
            <tns:componentClass>assignment1.components.DelayComponent</tns:componentClass>
        </tns:factory>
        <tns:factory>
            <tns:factoryName>TimerComponentFactory</tns:factoryName>
            <tns:componentClass>tbn.timer.TimerComponent</tns:componentClass>
        </tns:factory>
        <tns:factory>
            <tns:factoryName>CommunicationComponentFactory</tns:factoryName>
            <tns:componentClass>tbn.comm.mina.CommunicationComponent</tns:componentClass>
        </tns:factory>
    </tns:factories>

    <tns:components>
        <tns:component>
            <tns:factoryName>ApplicationComponentFactory</tns:factoryName>
            <tns:componentName>ApplicationComponent</tns:componentName>
            <tns:initFile>node.properties</tns:initFile>
        </tns:component>
        <tns:component>
            <tns:factoryName>FloodComponentFactory</tns:factoryName>
            <tns:componentName>FloodComponent</tns:componentName>
        </tns:component>
        <tns:component>
            <tns:factoryName>DropComponentFactory</tns:factoryName>
            <tns:componentName>DropComponent</tns:componentName>
        </tns:component>
        <tns:component>
            <tns:factoryName>DelayComponentFactory</tns:factoryName>
            <tns:componentName>DelayComponent</tns:componentName>
        </tns:component>
        <tns:component>
            <tns:factoryName>TimerComponentFactory</tns:factoryName>
            <tns:componentName>TimerComponent</tns:componentName>
        </tns:component>
        <tns:component>
            <tns:factoryName>CommunicationComponentFactory</tns:factoryName>
            <tns:componentName>CommunicationComponent</tns:componentName>
        </tns:component>
    </tns:components>

    <tns:channels>
        <tns:channel>
            <tns:channelName>FloodEventChannel</tns:channelName>
            <tns:eventClass>assignment1.events.FloodInitEvent</tns:eventClass>
            <tns:eventClass>assignment1.events.FloodDoneEvent</tns:eventClass>
        </tns:channel>
        <tns:channel>
            <tns:channelName>FloodMessageChannel</tns:channelName>
            <tns:eventClass>assignment1.events.FloodMessage</tns:eventClass>
        </tns:channel>
        <tns:channel>
            <tns:channelName>DropMessageChannel</tns:channelName>
            <tns:eventClass>tbn.comm.mina.events.MessageEvent</tns:eventClass>
        </tns:channel>
        <tns:channel>
            <tns:channelName>InitEventChannel</tns:channelName>
            <tns:eventClass>assignment1.events.InitEvent</tns:eventClass>
        </tns:channel>
        <tns:channel>
            <tns:channelName>DelayMessageChannel</tns:channelName>
            <tns:eventClass>tbn.comm.mina.events.MessageEvent</tns:eventClass>
        </tns:channel>
        <tns:channel>
            <tns:channelName>TimerEventChannel</tns:channelName>
            <tns:eventClass>tbn.timer.events.TimerEvent</tns:eventClass>
        </tns:channel>
        <tns:channel>
            <tns:channelName>SendMessageChannel</tns:channelName>
            <tns:eventClass>tbn.comm.mina.events.MessageEvent</tns:eventClass>
        </tns:channel>
        <tns:channel>
            <tns:channelName>DelayTimerExpiredEventChannel</tns:channelName>
            <tns:eventClass>assignment1.events.DelayTimerExpiredEvent</tns:eventClass>
        </tns:channel>
    </tns:channels>
    <!--bind component's output event to channel-->
    <tns:bindings>
        <tns:binding>
            <tns:componentName>ApplicationComponentFactory:ApplicationComponent</tns:componentName>
            <tns:eventClass>assignment1.events.InitEvent</tns:eventClass>
            <tns:channelName>InitEventChannel</tns:channelName>
        </tns:binding>
        <tns:binding>
            <tns:componentName>ApplicationComponentFactory:ApplicationComponent</tns:componentName>
            <tns:eventClass>assignment1.events.FloodInitEvent</tns:eventClass>
            <tns:channelName>FloodEventChannel</tns:channelName>
        </tns:binding>
        <tns:binding>
            <tns:componentName>FloodComponentFactory:FloodComponent</tns:componentName>
            <tns:eventClass>assignment1.events.FloodDoneEvent</tns:eventClass>
            <tns:channelName>FloodEventChannel</tns:channelName>
        </tns:binding>
        <tns:binding>
            <tns:componentName>FloodComponentFactory:FloodComponent</tns:componentName>
            <tns:eventClass>tbn.comm.mina.events.MessageEvent</tns:eventClass>
            <tns:channelName>DropMessageChannel</tns:channelName>
        </tns:binding>
        <tns:binding>
            <tns:componentName>DropComponentFactory:DropComponent</tns:componentName>
            <tns:eventClass>tbn.comm.mina.events.MessageEvent</tns:eventClass>
            <tns:channelName>DelayMessageChannel</tns:channelName>
        </tns:binding>
        <tns:binding>
            <tns:componentName>DelayComponentFactory:DelayComponent</tns:componentName>
            <tns:eventClass>tbn.timer.events.TimerEvent</tns:eventClass>
            <tns:channelName>TimerEventChannel</tns:channelName>
        </tns:binding>
        <tns:binding>
            <tns:componentName>DelayComponentFactory:DelayComponent</tns:componentName>
            <tns:eventClass>tbn.comm.mina.events.MessageEvent</tns:eventClass>
            <tns:channelName>SendMessageChannel</tns:channelName>
        </tns:binding>
        <tns:binding>
            <tns:componentName>TimerComponentFactory:TimerComponent</tns:componentName>
            <tns:eventClass>assignment1.events.DelayTimerExpiredEvent</tns:eventClass>
            <tns:channelName>DelayTimerExpiredEventChannel</tns:channelName>
        </tns:binding>
        <tns:binding>
            <tns:componentName>CommunicationComponentFactory:CommunicationComponent</tns:componentName>
            <!--<tns:eventClass>tbn.comm.mina.events.MessageEvent</tns:eventClass>-->
            <tns:eventClass>assignment1.events.FloodMessage</tns:eventClass>
            <tns:channelName>FloodMessageChannel</tns:channelName>
        </tns:binding>
    </tns:bindings>
    <!--subscribe a channel to linsen and with the component's handler to handle the incoming messages-->
    <tns:subscriptions>
        <tns:subscription>
            <tns:componentName>ApplicationComponentFactory:ApplicationComponent</tns:componentName>
            <tns:channelName>FloodEventChannel</tns:channelName>
            <tns:handlerName>handleFloodDoneEvent</tns:handlerName>
        </tns:subscription>
        <tns:subscription>
            <tns:componentName>FloodComponentFactory:FloodComponent</tns:componentName>
            <tns:channelName>FloodEventChannel</tns:channelName>
            <tns:handlerName>handleFloodInitEvent</tns:handlerName>
        </tns:subscription>
        <tns:subscription>
            <tns:componentName>FloodComponentFactory:FloodComponent</tns:componentName>
            <tns:channelName>FloodMessageChannel</tns:channelName>
            <tns:handlerName>handleFloodMessage</tns:handlerName>
        </tns:subscription>
        <tns:subscription>
            <tns:componentName>FloodComponentFactory:FloodComponent</tns:componentName>
            <tns:channelName>InitEventChannel</tns:channelName>
            <tns:handlerName>handleInitEvent</tns:handlerName>
        </tns:subscription>
        <tns:subscription>
            <tns:componentName>DropComponentFactory:DropComponent</tns:componentName>
            <tns:channelName>InitEventChannel</tns:channelName>
            <tns:handlerName>handleInitEvent</tns:handlerName>
        </tns:subscription>
        <tns:subscription>
            <tns:componentName>DropComponentFactory:DropComponent</tns:componentName>
            <tns:channelName>DropMessageChannel</tns:channelName>
            <tns:handlerName>handleMessageEvent</tns:handlerName>
        </tns:subscription>
        <tns:subscription>
            <tns:componentName>DelayComponentFactory:DelayComponent</tns:componentName>
            <tns:channelName>InitEventChannel</tns:channelName>
            <tns:handlerName>handleInitEvent</tns:handlerName>
        </tns:subscription>
        <tns:subscription>
            <tns:componentName>DelayComponentFactory:DelayComponent</tns:componentName>
            <tns:channelName>DelayMessageChannel</tns:channelName>
            <tns:handlerName>handleMessageEvent</tns:handlerName>
        </tns:subscription>
        <tns:subscription>
            <tns:componentName>DelayComponentFactory:DelayComponent</tns:componentName>
            <tns:channelName>DelayTimerExpiredEventChannel</tns:channelName>
            <tns:handlerName>handleDelayTimerExpiredEvent</tns:handlerName>
        </tns:subscription>
        <tns:subscription>
            <tns:componentName>TimerComponentFactory:TimerComponent</tns:componentName>
            <tns:channelName>TimerEventChannel</tns:channelName>
            <tns:handlerName>handleTimerEvent</tns:handlerName>
        </tns:subscription>
        <tns:subscription>
            <tns:componentName>CommunicationComponentFactory:CommunicationComponent</tns:componentName>
            <tns:channelName>SendMessageChannel</tns:channelName>
            <tns:handlerName>handleSendEvent</tns:handlerName>
        </tns:subscription>
    </tns:subscriptions>
    <!--//////////////////////////////////////////////////////////////////////////-->
    <!--////////////////remember to start the initial component last//////////////-->
    <!--//////////////////////////////////////////////////////////////////////////-->
    <tns:startSequence>
        <tns:startComponents>
            <tns:componentName>CommunicationComponentFactory:CommunicationComponent</tns:componentName>
            <tns:componentName>TimerComponentFactory:TimerComponent</tns:componentName>
            <tns:componentName>DelayComponentFactory:DelayComponent</tns:componentName>
            <tns:componentName>DropComponentFactory:DropComponent</tns:componentName>
            <tns:componentName>FloodComponentFactory:FloodComponent</tns:componentName>
            <tns:componentName>ApplicationComponentFactory:ApplicationComponent</tns:componentName>
        </tns:startComponents>
        <tns:startChannels>
            <tns:channelName>FloodMessageChannel</tns:channelName>
            <tns:channelName>SendMessageChannel</tns:channelName>
            <tns:channelName>DelayTimerExpiredEventChannel</tns:channelName>
            <tns:channelName>TimerEventChannel</tns:channelName>
            <tns:channelName>DelayMessageChannel</tns:channelName>
            <tns:channelName>DropMessageChannel</tns:channelName>
            <tns:channelName>FloodEventChannel</tns:channelName>
            <tns:channelName>InitEventChannel</tns:channelName>
        </tns:startChannels>
    </tns:startSequence>
</tns:configuration>

